angle,angle_d,real_height,ref_height,distort,scalars
0,0,0,0,0,1
0.1,0.0998136891864402,0.0050939,0.005103,-0.00011259,1.00178645046035
0.2,0.199626772540589,0.0101878,0.010207,-0.00048478,1.00188460707906
0.3,0.299438252367555,0.01528168,0.01531,-0.00111808,1.00185319938646
0.4,0.399247522926208,0.02037554,0.020414,-0.00201222,1.0018875573359
0.5,0.49905358669023,0.02546936,0.025518,-0.00316747,1.00190974567088
0.6,0.598855838140672,0.03056314,0.030622,-0.0045836,1.00192584924193
0.7,0.69865347597883,0.03565687,0.035726,-0.0062606,1.00193875682302
0.8,0.798445699102479,0.04075054,0.04083,-0.00819849,1.00194991281097
0.9,0.898231706639757,0.04584414,0.045934,-0.01039725,1.00196011965761
1,0.998010697983022,0.05093766,0.051039,-0.01285689,1.00198949068332
1.1,1.09778206869844,0.0560311,0.056144,-0.0155774,1.00201495241036
1.2,1.19754482290517,0.06112444,0.06125,-0.01855878,1.00205417014863
1.3,1.29729835683476,0.06621768,0.066356,-0.02180104,1.00208886810894
1.4,1.39704187122275,0.07131081,0.071462,-0.02530418,1.00212015541543
1.5,1.49677437141656,0.07640381,0.076569,-0.02906818,1.00216206495461
1.6,1.59649525488797,0.08149668,0.081676,-0.03309305,1.00220033503205
1.7,1.69620372375462,0.08658941,0.086783,-0.03737879,1.00223572374497
1.8,1.79589917641606,0.091682,0.091891,-0.04192539,1.00227961868197
1.9,1.89558042454432,0.09677442,0.097,-0.04673286,1.00233098787882
2,1.99524725913374,0.10186669,0.10211,-0.05180119,1.0023885138508
2.1,2.09489829740585,0.10695877,0.107219,-0.05713037,1.00243299357313
2.2,2.19453333149625,0.11205068,0.11233,-0.06272042,1.00249280057917
2.3,2.29415117575257,0.11714239,0.117441,-0.06857132,1.00254911992149
2.4,2.39375123227519,0.1222339,0.122553,-0.07468307,1.00261056875384
2.5,2.49333251265437,0.12732519,0.127666,-0.08105567,1.00267668950661
2.6,2.59289461602666,0.13241627,0.13278,-0.08768912,1.00274686788867
2.7,2.69243675107266,0.13750713,0.137894,-0.09458341,1.00281345410962
2.8,2.79195773635169,0.14259774,0.143009,-0.10173854,1.00288405692825
2.9,2.89145717336597,0.14768811,0.148125,-0.10915451,1.0029581934524
3,2.99093427343405,0.15277823,0.153242,-0.11683131,1.00303557646924
3.1,3.09038805343851,0.15786808,0.15836,-0.12476894,1.0031160194005
3.2,3.18981792206732,0.16295766,0.163479,-0.13296735,1.00319923592423
3.3,3.28922309356635,0.16804696,0.168599,-0.14142662,1.0032850341357
3.4,3.38860278322073,0.17313597,0.17372,-0.15014672,1.00337324473938
3.5,3.48795620738692,0.17822468,0.178842,-0.15912762,1.00346371781955
3.6,3.58728277870532,0.18331309,0.183965,-0.16836934,1.00355626540363
3.7,3.68658132536686,0.18840117,0.189089,-0.17787186,1.0036508796628
3.8,3.78585165254294,0.19348894,0.194214,-0.18763518,1.00374729428979
3.9,3.88509259082629,0.19857637,0.199341,-0.1976593,1.00385055885552
4,3.984303362401,0.20366345,0.204468,-0.20794421,1.00395038972383
4.1,4.08348358062089,0.20875019,0.209597,-0.2184899,1.00405657115809
4.2,4.18263208012141,0.21383656,0.214728,-0.22929638,1.00416879134232
4.3,4.28174828181366,0.21892256,0.219859,-0.24036363,1.00427749428839
4.4,4.38083160775957,0.22400819,0.224992,-0.25169165,1.00439184835162
4.5,4.47988109168694,0.22909343,0.230127,-0.26328044,1.00451156543424
4.6,4.57889596363857,0.23417827,0.235262,-0.27512998,1.00462779915489
4.7,4.67787564974198,0.23926271,0.240399,-0.28724028,1.00474913119558
4.8,4.77681938278416,0.24434674,0.245538,-0.29961133,1.00487528501506
4.9,4.87572620251411,0.24943034,0.250678,-0.31224311,1.00500203784351
5,4.97459553938508,0.25451351,0.25582,-0.32513563,1.00513328349446
5.1,5.0734266307601,0.25959624,0.260963,-0.33828888,1.0052649452858
5.2,5.17221871558624,0.26467852,0.266108,-0.35170285,1.00540081605413
5.3,5.27097103442424,0.26976034,0.271255,-0.36537754,1.0055406958636
5.4,5.36968302370963,0.2748417,0.276403,-0.37931294,1.00568072457709
5.5,5.46835373296015,0.27992258,0.281553,-0.39350903,1.00582453905648
5.6,5.56698260185398,0.28500298,0.286704,-0.40796582,1.00596842882134
5.7,5.66556868346114,0.29008288,0.291857,-0.4226833,1.00611590728829
5.8,5.76411142081383,0.29516228,0.297013,-0.43766146,1.00627017788316
5.9,5.86261006455724,0.30024117,0.30217,-0.45290029,1.00642426886359
6,5.96106386714624,0.30531954,0.307328,-0.46839979,1.00657822293326
6.1,6.05947227663784,0.31039739,0.312489,-0.48415994,1.00673849093899
6.2,6.15783416159111,0.31547469,0.317652,-0.50018074,1.00690169471282
6.3,6.25614916751369,0.32055145,0.322816,-0.51646218,1.00706454455283
6.4,6.3544163606121,0.32562765,0.327983,-0.53300426,1.00723326167173
6.5,6.45263500280608,0.33070328,0.333152,-0.54980695,1.00740458334734
6.6,6.55080474478635,0.33577835,0.338322,-0.56687027,1.00757538417828
6.7,6.64892446535092,0.34085283,0.343495,-0.58419419,1.00775164460275
6.8,6.74699362566581,0.34592672,0.34867,-0.60177871,1.00793023447278
6.9,6.84501149547452,0.35100001,0.353847,-0.61962382,1.00811108239
7,6.94297734659743,0.35607269,0.359026,-0.63772951,1.00829412106837
7.1,7.04089064596155,0.36114476,0.364208,-0.65609577,1.00848202809311
7.2,7.13875047645215,0.3662162,0.369391,-0.67472259,1.00866919595583
7.3,7.23655611627383,0.371287,0.374577,-0.69360997,1.0088610697385
7.4,7.33430703856626,0.37635716,0.379766,-0.71275789,1.00905746020615
7.5,7.43200233299615,0.38142666,0.384956,-0.73216634,1.00925299767982
7.6,7.52964166954909,0.38649551,0.39015,-0.75183531,1.0094554526649
7.7,7.62722394978584,0.39156368,0.395345,-0.7717648,1.00965697329231
7.8,7.72474865546446,0.39663117,0.400543,-0.79195479,1.00986263888438
7.9,7.82221527029118,0.40169798,0.405743,-0.81240527,1.01006980418473
8,7.91962270325115,0.40676408,0.410946,-0.83311623,1.01028094712788
8.1,8.01697063494764,0.41182948,0.416152,-0.85408767,1.01049589747679
8.2,8.1142583635344,0.41689417,0.42136,-0.87531956,1.01071214308418
8.3,8.21148499760381,0.42195813,0.426571,-0.89681191,1.01093205622084
8.4,8.30864984039464,0.42702135,0.431784,-0.91856469,1.01115318941313
8.5,8.40575258110829,0.43208384,0.437,-0.9405779,1.01137779186558
8.6,8.5027921439831,0.43714557,0.442219,-0.96285152,1.0116058135966
8.7,8.59976803121202,0.44220654,0.44744,-0.98538555,1.01183487697853
8.8,8.69667974710372,0.44726675,0.452664,-1.00817998,1.01206718362141
8.9,8.79352641535814,0.45232618,0.457892,-1.03123478,1.01230488140218
9,8.89030735388718,0.45738482,0.463122,-1.05454995,1.0125434420845
9.1,8.9870218831725,0.46244266,0.468354,-1.07812548,1.01278286047399
9.2,9.08366951735072,0.4674997,0.47359,-1.10196136,1.01302738803897
9.3,9.18024958179677,0.47255593,0.478829,-1.12605756,1.01327476728522
9.4,9.27676121365753,0.47761133,0.484071,-1.15041409,1.01352495134485
9.5,9.37320412540075,0.48266591,0.489316,-1.17503092,1.01377783237271
9.6,9.46957726874242,0.48771964,0.494563,-1.19990805,1.01403133980826
9.7,9.5658803610866,0.49277253,0.499814,-1.22504545,1.01428949377515
9.8,9.66211235997349,0.49782455,0.505069,-1.25044313,1.01455221523326
9.9,9.75827298781575,0.50287571,0.510326,-1.27610106,1.01481537058133
10,9.85436158848129,0.507926,0.515586,-1.30201923,1.01508093698688
10.1,9.95037712840602,0.51297539,0.52085,-1.32819763,1.01535085338109
10.2,10.0463195276288,0.5180239,0.526117,-1.35463625,1.01562302434309
10.3,10.1421877582833,0.5230715,0.531387,-1.38133506,1.01589744423086
10.4,10.2379813655019,0.52811819,0.536661,-1.40829406,1.01617594349477
10.5,10.3336997071561,0.53316396,0.541938,-1.43551324,1.01645655118924
10.6,10.4293421439723,0.5382088,0.547218,-1.46299257,1.01673922834409
10.7,10.524908228959,0.54325271,0.552502,-1.49073204,1.01702575952175
10.8,10.6203969496676,0.54829566,0.557789,-1.51873164,1.0173142716468
10.9,10.7158080541937,0.55333766,0.56308,-1.54699136,1.01760650088411
11,10.8111407254444,0.55837869,0.568375,-1.57551118,1.01790238449107
11.1,10.9063945276107,0.56341875,0.573673,-1.60429108,1.01820005102777
11.2,11.001568838543,0.56845783,0.578974,-1.63333105,1.01849947251144
11.3,11.0966628503707,0.57349591,0.58428,-1.66263107,1.01880412712969
11.4,11.1916763243978,0.578533,0.589589,-1.69219114,1.01911040511086
11.5,11.2866082701726,0.58356907,0.594902,-1.72201122,1.01942003197668
11.6,11.381458266204,0.58860412,0.600218,-1.75209131,1.01973122444335
11.7,11.4762258935323,0.59363815,0.605538,-1.7824314,1.02004562880603
11.8,11.5709103596073,0.59867114,0.610863,-1.81303145,1.02036487010214
11.9,11.6655110633802,0.60370308,0.616191,-1.84389147,1.02068553302726
12,11.7600275946842,0.60873397,0.621523,-1.87501143,1.02100922673988
12.1,11.8544591705654,0.61376379,0.626859,-1.90639131,1.02133591165422
12.2,11.9488053867843,0.61879254,0.632199,-1.9380311,1.02166551652352
12.3,12.0430656542749,0.62382021,0.637543,-1.96993079,1.02199798881155
12.4,12.1372393870947,0.62884679,0.642891,-2.00209035,1.022333277713
12.5,12.2313260024374,0.63387227,0.648243,-2.03450977,1.02267133408439
12.6,12.3253249206461,0.63889664,0.653599,-2.06718903,1.02301211037829
12.7,12.4192357521102,0.6439199,0.65896,-2.10012811,1.02335709767628
12.8,12.5130575496037,0.64894202,0.664324,-2.133327,1.02370316534596
12.9,12.6067901166234,0.65396301,0.669693,-2.16678568,1.02405333292475
13,12.7004328858206,0.65898286,0.675067,-2.20050413,1.02440752404395
13.1,12.7939851067121,0.66400155,0.680444,-2.23448233,1.02476266809919
13.2,12.8874464049841,0.66901908,0.685826,-2.26872026,1.02512173494364
13.3,12.9808162229362,0.67403544,0.691213,-2.30321791,1.02548465404134
13.4,13.0740938201835,0.67905061,0.696603,-2.33797526,1.0258484268205
13.5,13.1672790174922,0.6840646,0.701999,-2.37299229,1.0262174069525
13.6,13.260371080842,0.68907739,0.707398,-2.40826897,1.02658715880955
13.7,13.3533694655411,0.69408897,0.712803,-2.4438053,1.02696200459719
13.8,13.4462736301745,0.69909933,0.718212,-2.47960125,1.02733899058378
13.9,13.5390832218217,0.70410847,0.723625,-2.5156568,1.02771807304065
14,13.6317977052148,0.70911638,0.729044,-2.55197193,1.02810204440631
14.1,13.7244163634672,0.71412304,0.734467,-2.58854663,1.02848803197835
14.2,13.8169386683575,0.71912844,0.739895,-2.62538087,1.0288774005378
14.3,13.9093644642346,0.72413259,0.745327,-2.66247464,1.02926868682985
14.4,14.0016928596864,0.72913546,0.750765,-2.69982791,1.02966463872159
14.5,14.0939237051301,0.73413706,0.756207,-2.73744066,1.03006242458322
14.6,14.1860561164168,0.73913736,0.761654,-2.77531288,1.03046340398759
14.7,14.2780899500567,0.74413637,0.767106,-2.81344454,1.03086750080499
14.8,14.3700245130773,0.74913407,0.772563,-2.85183562,1.03127468224746
14.9,14.4618593001956,0.75413045,0.778025,-2.89048611,1.03168490279102
15,14.5535939930706,0.75912551,0.783493,-2.92939597,1.03209942187294
15.1,14.6452280927014,0.76411924,0.788965,-2.9685652,1.03251555346257
15.2,14.7367609201945,0.76911162,0.794443,-3.00799376,1.03293589557261
15.3,14.8281921668826,0.77410265,0.799925,-3.04768164,1.03335778530147
15.4,14.9195211609511,0.77909231,0.805413,-3.08762881,1.03378378872717
15.5,15.0107477830104,0.78408061,0.810907,-3.12783526,1.03421381635748
15.6,15.1018713678798,0.78906753,0.816405,-3.16830096,1.03464528568296
15.7,15.1928914368948,0.79405306,0.821909,-3.20902589,1.03508070354895
15.8,15.2838075147969,0.79903719,0.827418,-3.25001003,1.03551875977137
15.9,15.3746191297382,0.80401991,0.832933,-3.29125335,1.03596066420793
16,15.4653259953001,0.80900122,0.838453,-3.33275583,1.03640511197251
16.1,15.5559276459888,0.81398111,0.843979,-3.37451746,1.03685329994943
16.2,15.6464234380332,0.81895956,0.849511,-3.4165382,1.03730518757239
16.3,15.7368129132617,0.82393656,0.855048,-3.45881803,1.03775950905735
16.4,15.827095979675,0.82891212,0.86059,-3.50135694,1.03821621042289
16.5,15.9172718225671,0.83388621,0.866139,-3.54415489,1.03867768721106
16.6,16.0073401751026,0.83885883,0.871693,-3.58721187,1.03914147270763
16.7,16.0973007732275,0.84382998,0.877252,-3.63052785,1.03960752852133
16.8,16.1871528135078,0.84879963,0.882818,-3.67410281,1.04007821021317
16.9,16.2768962194783,0.85376779,0.88839,-3.71793671,1.040552256018
17,16.3665303756249,0.85873444,0.893967,-3.76202955,1.04102846975603
17.1,16.4560550309794,0.86369958,0.899551,-3.80638129,1.04150913214523
17.2,16.5454695772345,0.86866319,0.90514,-3.85099192,1.04199189101129
17.3,16.6347735900788,0.87362526,0.910735,-3.89586139,1.04247786974475
17.4,16.7239668283652,0.87858579,0.916337,-3.9409897,1.04296815453844
17.5,16.8130488741623,0.88354477,0.921945,-3.98637682,1.04346155543425
17.6,16.9020193129784,0.88850219,0.927558,-4.03202271,1.0439569090989
17.7,16.9908777337609,0.89345804,0.933179,-4.07792736,1.04445755505205
17.8,17.0796237288972,0.89841231,0.938805,-4.12409074,1.04496008074511
17.9,17.1682568942135,0.90336499,0.944437,-4.17051283,1.04546557643329
18,17.2567768289744,0.90831607,0.950076,-4.21719359,1.04597510864252
18.1,17.3451831358825,0.91326554,0.955722,-4.26413301,1.04648862586012
18.2,17.4334755994364,0.9182134,0.961374,-4.31133106,1.04700497727435
18.3,17.5216536505055,0.92315963,0.967032,-4.3587877,1.04752414270975
18.4,17.6097170801105,0.92810423,0.972697,-4.40650293,1.04804715737585
18.5,17.6976653263294,0.93304718,0.978368,-4.45447669,1.04857291353691
18.6,17.7854981866959,0.93798848,0.984046,-4.50270899,1.04910243673782
18.7,17.8732152839818,0.94292812,0.989731,-4.55119977,1.04963568166787
18.8,17.9608162443823,0.94786609,0.995423,-4.59994903,1.05017260402258
18.9,18.0483006975131,0.95280238,1.001121,-4.64895672,1.05071211094162
19,18.1356680994449,0.95773697,1.006826,-4.69822283,1.05125523138153
19.1,18.2229184407287,0.96266987,1.012538,-4.74774732,1.05180190172567
19.2,18.3100511840861,0.96760106,1.018257,-4.79753017,1.05235209229721
19.3,18.3970659727863,0.97253053,1.023982,-4.84757135,1.05290473503181
19.4,18.4839626297561,0.97745828,1.029715,-4.89787084,1.05346184187012
19.5,18.5707406284619,0.98238429,1.035455,-4.9484286,1.0540223520879
19.6,18.6573996223762,0.98730855,1.041202,-4.9992446,1.05458622838828
19.7,18.7439394440794,0.99223106,1.046956,-5.05031882,1.05515342363905
19.8,18.8303597532866,0.99715181,1.052717,-5.10165123,1.05572390226118
19.9,18.916660213095,1.00207079,1.058486,-5.15324181,1.05629862736544
20,19.0028403148073,1.00698798,1.064262,-5.20509051,1.05687656768257
20.1,19.0888999038069,1.01190338,1.070045,-5.25719731,1.05745767940809
20.2,19.1748386533112,1.01681698,1.075835,-5.30956219,1.05804193002363
20.3,19.2606564145264,1.02172878,1.081633,-5.36218511,1.05863025606463
20.4,19.3463525179549,1.02663875,1.087439,-5.41506605,1.05922263308296
20.5,19.4319268216952,1.03154689,1.093252,-5.46820497,1.05981803696776
20.6,19.5173791864598,1.0364532,1.099072,-5.52160184,1.06041642787151
20.7,19.6027091277808,1.04135766,1.104901,-5.57525664,1.06101970767661
20.8,19.687916512676,1.04626027,1.110737,-5.62916933,1.06162589926118
20.9,19.7730008637061,1.05116101,1.11658,-5.68333988,1.06223498529497
21,19.857962054168,1.05605988,1.122432,-5.73776827,1.06284882254972
21.1,19.9427996136274,1.06095686,1.128291,-5.79245446,1.06346548341278
21.2,20.0275134216323,1.06585195,1.134158,-5.84739842,1.06408587046259
21.3,20.1121031875076,1.07074514,1.140034,-5.90260012,1.06471087975239
21.4,20.1965686238709,1.07563642,1.145917,-5.95805953,1.06533860205291
21.5,20.2809094466253,1.08052578,1.151808,-6.01377661,1.06596993919016
21.6,20.3651252027347,1.0854132,1.157707,-6.06975135,1.06660486531765
21.7,20.4492159592743,1.09029869,1.163615,-6.12598369,1.06724424295144
21.8,20.5331812695543,1.09518223,1.16953,-6.18247362,1.06788620922018
21.9,20.6170208625456,1.10006381,1.175454,-6.2392211,1.06853256085208
22,20.7007344704666,1.10494342,1.181387,-6.29622609,1.06918325284022
22.1,20.7843220000494,1.10982106,1.187327,-6.35348857,1.0698364293069
22.2,20.8677830183296,1.11469671,1.193276,-6.4110085,1.07049387451767
22.3,20.9511174381127,1.11957037,1.199234,-6.46878586,1.07115553620805
22.4,21.0343248332491,1.12444202,1.2052,-6.52682059,1.07182049279873
22.5,21.1174051225827,1.12931166,1.211175,-6.58511269,1.07248959069457
22.6,21.2003578867455,1.13417927,1.217158,-6.6436621,1.07316191733958
22.7,21.2831830505833,1.13904485,1.22315,-6.7024688,1.07383831286362
22.8,21.365880371415,1.14390839,1.229151,-6.76153275,1.07451873834058
22.9,21.4484496097276,1.14876988,1.235161,-6.82085393,1.0752031555702
23,21.530890529167,1.15362931,1.241179,-6.88043229,1.07589066023297
23.1,21.6132028965285,1.15848667,1.247207,-6.9402678,1.07658295282759
23.2,21.6953864817474,1.16334195,1.253243,-7.00036042,1.07727826715094
23.3,21.777441057889,1.16819514,1.259288,-7.06071013,1.07797743448924
23.4,21.8593664011392,1.17304623,1.265343,-7.12131689,1.07868127243374
23.5,21.9411624593846,1.17789522,1.271406,-7.18218066,1.07938802909821
23.6,22.0228288460444,1.18274209,1.277479,-7.24330141,1.08009938159891
23.7,22.104365346605,1.18758683,1.283562,-7.30467911,1.08081528657572
23.8,22.1857717496333,1.19242943,1.289653,-7.36631371,1.08153402419798
23.9,22.2670481823914,1.1972699,1.295754,-7.42820518,1.08225722537583
24,22.3481939355518,1.2021082,1.301864,-7.49035349,1.08298404419835
24.1,22.4292093097111,1.20694435,1.307984,-7.5527586,1.08371525166011
24.2,22.5100937700238,1.21177832,1.314113,-7.61542047,1.0844500007229
24.3,22.5908471202973,1.2166101,1.320252,-7.67833908,1.08518908399659
24.4,22.6714695010269,1.2214397,1.326401,-7.74151437,1.08593244513012
24.5,22.7519603875853,1.22626709,1.332559,-7.80494632,1.08667924864558
24.6,22.8323197592374,1.23109227,1.338728,-7.8686349,1.08743108264338
24.7,22.9125474311981,1.23591523,1.344906,-7.93258005,1.08818628280841
24.8,22.9926433877027,1.24073597,1.351094,-7.99678175,1.08894561991299
24.9,23.0726071175976,1.24555446,1.357292,-8.06123995,1.08970907622939
25,23.1524386112212,1.2503707,1.3635,-8.12595463,1.09047660825706
25.1,23.2321378610595,1.25518469,1.369718,-8.19092573,1.09124817320708
25.2,23.3117043659484,1.2599964,1.375946,-8.25615324,1.09202375498851
25.3,23.3911382894715,1.26480584,1.382185,-8.3216371,1.09280409394694
25.4,23.4704394667992,1.269613,1.388434,-8.38737728,1.09358836117778
25.5,23.5496074066541,1.27441785,1.394693,-8.45337374,1.09437654219925
25.6,23.6286424445676,1.27922041,1.400963,-8.51962644,1.0951693617834
25.7,23.7075439309294,1.28402064,1.407243,-8.58613535,1.09596602746199
25.8,23.7863120417247,1.28881855,1.413534,-8.65290042,1.09676726797578
25.9,23.8649466264424,1.29361413,1.419835,-8.71992162,1.09757227218908
26,23.9434473737234,1.29840736,1.426147,-8.7871989,1.09838178982596
26.1,24.0218143027707,1.30319824,1.43247,-8.85473224,1.09919577546391
26.2,24.1000472715168,1.30798676,1.438803,-8.92252158,1.10001342827048
26.3,24.1781459776065,1.3127729,1.445148,-8.99056689,1.1008362527898
26.4,24.2561104480146,1.31755666,1.451503,-9.05886812,1.10166267915947
26.5,24.3339405490044,1.32233803,1.45787,-9.12742525,1.10249419356108
26.6,24.4116361495906,1.327117,1.464248,-9.19623822,1.10333000029387
26.7,24.4891971215265,1.33189356,1.470636,-9.265307,1.10416931515158
26.8,24.5666233392913,1.3366677,1.477036,-9.33463155,1.10501360959048
26.9,24.6439145181986,1.3414394,1.483447,-9.40421183,1.10586210603327
27,24.7210708620971,1.34620867,1.48987,-9.47404779,1.10671549901695
27.1,24.7980920914868,1.35097549,1.496304,-9.54413939,1.10757301747939
27.2,24.8749780916204,1.35573985,1.50275,-9.6144866,1.10843536833412
27.3,24.9517287504105,1.36050174,1.509207,-9.68508937,1.10930177862176
27.4,25.0283441192936,1.36526116,1.515676,-9.75594766,1.11017294302872
27.5,25.1048239301865,1.37001809,1.522156,-9.82706143,1.11104810302176
27.6,25.1811679184298,1.37477251,1.528648,-9.89843064,1.11192796544935
27.7,25.2573764638688,1.37952444,1.535153,-9.97005524,1.11281319524865
27.8,25.333448986097,1.38427384,1.541669,-10.04193519,1.11370232930213
27.9,25.4093857090569,1.38902072,1.548197,-10.11407045,1.11459604432683
28,25.485186538309,1.39376507,1.554737,-10.18646098,1.11549430636829
28.1,25.5608512224982,1.39850687,1.561289,-10.25910673,1.1163970899907
28.2,25.6363796728814,1.40324611,1.567854,-10.33200766,1.11730507487386
28.3,25.7117719623084,1.40798279,1.574431,-10.40516373,1.11821750321252
28.4,25.7870278476062,1.41271689,1.58102,-10.4785749,1.11913435111546
28.5,25.862147406233,1.41744841,1.587621,-10.55224111,1.12005557930676
28.6,25.9371305588645,1.42217734,1.594236,-10.62616233,1.12098256325755
28.7,26.0119770703872,1.42690366,1.600862,-10.70033852,1.12191316406042
28.8,26.0866870250687,1.43162737,1.607502,-10.77476962,1.12284944650087
28.9,26.1612603509571,1.43634846,1.614154,-10.84945559,1.12378997503155
29,26.2356968208747,1.44106691,1.620819,-10.9243964,1.12473542259048
29.1,26.3099965257739,1.44578272,1.627497,-10.99959199,1.12568574619567
29.2,26.3841594009505,1.45049588,1.634188,-11.07504232,1.12664091124478
29.3,26.4581853840883,1.45520638,1.640892,-11.15074735,1.12760088366298
29.4,26.5320742583969,1.4599142,1.647609,-11.22670702,1.12856563762446
29.5,26.6058261235466,1.46461934,1.654339,-11.3029213,1.12953513231636
29.6,26.6794410807465,1.4693218,1.661083,-11.37939014,1.13051000808672
29.7,26.752918764002,1.47402155,1.66784,-11.45611349,1.13148956336493
29.8,26.8262592793743,1.47871859,1.67461,-11.53309131,1.13247375891852
29.9,26.8994625785826,1.48341291,1.681395,-11.61032355,1.13346391194614
30,26.9725284599982,1.48810449,1.688192,-11.68781016,1.13445797075715
30.1,27.045457191383,1.49279334,1.695004,-11.7655511,1.1354579060488
30.2,27.1182485754445,1.49747944,1.701829,-11.84354632,1.13646234769006
30.3,27.1909025729775,1.50216278,1.708668,-11.92179578,1.13747193230284
30.4,27.2634191470103,1.50684335,1.715521,-12.00029942,1.13848662503637
30.5,27.3357982627909,1.51152114,1.722388,-12.0790572,1.13950639155467
30.6,27.408039733346,1.51619613,1.729269,-12.15806907,1.14053120555056
30.7,27.4801438373752,1.52086833,1.736165,-12.23733499,1.14156167615115
30.8,27.5521103920721,1.52553772,1.743075,-12.31685491,1.1425971165105
30.9,27.623939525243,1.5302043,1.749999,-12.39662877,1.14363748683754
31,27.6956309051766,1.53486804,1.756937,-12.47665653,1.144682770253
31.1,27.7671846641646,1.53952894,1.763891,-12.55693815,1.14573422699024
31.2,27.8386007825958,1.54418699,1.770858,-12.63747357,1.14678987160745
31.3,27.9098793959806,1.54884219,1.777841,-12.71826274,1.14785160907839
31.4,27.9810203354882,1.55349452,1.784838,-12.79930562,1.14891811784441
31.5,28.0520234351714,1.55814396,1.791851,-12.88060216,1.14999065939966
31.6,28.1228889891861,1.56279052,1.798878,-12.9621523,1.1510678987226
31.7,28.1936169877073,1.56743419,1.805921,-13.043956,1.15215108329365
31.8,28.2642071189286,1.57207494,1.812978,-13.1260132,1.15323891620586
31.9,28.3346595300973,1.57671277,1.820051,-13.20832387,1.15433263092047
32,28.404974369663,1.58134768,1.82714,-13.29088794,1.15543218174513
32.1,28.4751513330484,1.58597964,1.834244,-13.37370537,1.15653691493795
32.2,28.545190724081,1.59060866,1.841363,-13.45677611,1.15764678409333
32.3,28.6150923939349,1.59523472,1.848498,-13.5401001,1.15876239203219
32.4,28.6848563473416,1.59985781,1.855649,-13.62367729,1.15988370241478
32.5,28.7544827415714,1.60447793,1.862816,-13.70750764,1.16101067217547
32.6,28.8239712838101,1.60909505,1.869998,-13.7915911,1.16214265900576
32.7,28.893322285561,1.61370918,1.877197,-13.8759276,1.16328085832665
32.8,28.9625354586154,1.61832029,1.884412,-13.9605171,1.16442462696924
32.9,29.0316111174497,1.62292839,1.891643,-14.04535955,1.16557391666554
33,29.1005491280038,1.62753346,1.89889,-14.1304549,1.16672870123358
33.1,29.1693495082716,1.63213549,1.906154,-14.21580308,1.16788956044329
33.2,29.238012278085,1.63673447,1.913435,-14.30140406,1.1690564566652
33.3,29.3065376081009,1.6413304,1.920732,-14.38725778,1.17022873639579
33.4,29.3749252235866,1.64592325,1.928046,-14.47336418,1.17140698996748
33.5,29.4431752990059,1.65051302,1.935376,-14.55972321,1.17259056823435
33.6,29.5112880098067,1.65509971,1.942724,-14.64633482,1.17378064189257
33.7,29.579263087803,1.65968329,1.950089,-14.73319896,1.17497658242977
33.8,29.6471008601684,1.66426377,1.957471,-14.82031557,1.17617834100901
33.9,29.7148010630109,1.66884112,1.96487,-14.90768459,1.17738589758622
34,29.7823640261753,1.67341535,1.972286,-14.99530598,1.17859920431589
34.1,29.8497894900078,1.67798643,1.97972,-15.08317968,1.17981883798667
34.2,29.9170777869701,1.68255437,1.987172,-15.17130563,1.18104474686307
34.3,29.9842286615903,1.68711914,1.994641,-15.25968378,1.18227631511548
34.4,30.0512423020844,1.69168074,2.002128,-15.34831407,1.18351409498225
34.5,30.1181187509228,1.69623916,2.009633,-15.43719646,1.184758050274
34.6,30.1848580522205,1.70079439,2.017156,-15.52633088,1.18600814528792
34.7,30.2514602517244,1.70534642,2.024698,-15.61571728,1.1872649311921
34.8,30.3179253967991,1.70989524,2.032257,-15.7053556,1.18852719889436
34.9,30.3842533905953,1.71444083,2.039835,-15.79524579,1.18979609229209
35,30.4504444298868,1.71898319,2.047431,-15.88538779,1.19107098423691
35.1,30.5164985668103,1.72352231,2.055046,-15.97578154,1.19235242159413
35.2,30.5824158550668,1.72805818,2.06268,-16.06642699,1.19364036690015
35.3,30.648196204879,1.73259078,2.070332,-16.15732409,1.19493421291322
35.4,30.7138398184581,1.73712011,2.078003,-16.24847276,1.19623449641602
35.5,30.7793466094812,1.74164615,2.085694,-16.33987297,1.19754176242976
35.6,30.8447167827987,1.7461689,2.093403,-16.43152464,1.19885481868335
35.7,30.9099503997296,1.75068835,2.101132,-16.52342773,1.20017477696701
35.8,30.9750473790318,1.75520448,2.10888,-16.61558217,1.20150103536655
35.9,31.0400077855677,1.75971728,2.116648,-16.70798791,1.20283412799129
36,31.104831829309,1.76422675,2.124436,-16.80064488,1.20417400994515
36.1,31.1695194339734,1.76873287,2.132243,-16.89355303,1.20552008512173
36.2,31.2340706687542,1.77323563,2.14007,-16.98671231,1.20687288468256
36.3,31.2984857473277,1.77773503,2.147917,-17.08012264,1.20823236520237
36.4,31.362764598252,1.78223105,2.155784,-17.17378398,1.2095984973441
36.5,31.4269072949338,1.78672368,2.163672,-17.26769626,1.21097180510867
36.6,31.4909140546385,1.79121292,2.17158,-17.36185943,1.21235168401979
36.7,31.5547846683603,1.79569874,2.179508,-17.45627342,1.21373811288635
36.8,31.6185193562777,1.80018114,2.187457,-17.55093817,1.21513160614492
36.9,31.6821183391307,1.80466012,2.195427,-17.64585362,1.21653211907847
37,31.7455814131004,1.80913565,2.203418,-17.74101972,1.21793962768906
37.1,31.8089088017624,1.81360773,2.21143,-17.8364364,1.2193540882184
37.2,31.8721005879023,1.81807635,2.219463,-17.93210361,1.22077546413274
37.3,31.9351568555947,1.8225415,2.227518,-18.02802127,1.22220426805096
37.4,31.9980775492621,1.82700316,2.235593,-18.12418933,1.22363937235883
37.5,32.0608628968343,1.83146133,2.243691,-18.22060773,1.22508237725118
37.6,32.1235129861768,1.835916,2.25181,-18.3172764,1.22653215070842
37.7,32.1860277660444,1.84036715,2.259951,-18.41419529,1.22798920856635
37.8,32.2484074675031,1.84481478,2.268114,-18.51136432,1.22945350643819
37.9,32.3106520421322,1.84925887,2.276299,-18.60878345,1.2309250137597
38,32.3727615832542,1.85369941,2.284506,-18.7064526,1.23240369375745
38.1,32.4347361853802,1.85813639,2.292736,-18.80437172,1.23389004829726
38.2,32.4965760835869,1.86256981,2.300988,-18.90254073,1.23538349416283
38.3,32.5582812349526,1.86699965,2.309264,-19.00095958,1.23688507386705
38.4,32.6198517374804,1.8714259,2.317561,-19.0996282,1.23839314182838
38.5,32.6812876903134,1.87584855,2.325882,-19.19854653,1.23990926666228
38.6,32.7425891937222,1.88026759,2.334226,-19.2977145,1.24143287498776
38.7,32.8037562106574,1.884683,2.342594,-19.39713205,1.24296446670342
38.8,32.8647891206706,1.88909479,2.350984,-19.49679912,1.24450292936333
38.9,32.9256877506621,1.89350293,2.359399,-19.59671564,1.24604982787114
39,32.9864522058631,1.89790741,2.367837,-19.69688154,1.247604065153
39.1,33.047082730248,1.90230823,2.376299,-19.79729676,1.24916612488188
39.2,33.1075794306021,1.90670538,2.384785,-19.89796124,1.25073596844836
39.3,33.1679422774576,1.91109884,2.393295,-19.9988749,1.25231356427384
39.4,33.2281713802445,1.9154886,2.401829,-20.10003769,1.25389887467876
39.5,33.2882668494128,1.91987465,2.410388,-20.20144953,1.25549238331784
39.6,33.3482287964211,1.92425698,2.418972,-20.30311035,1.25709404988101
39.7,33.4080573337254,1.92863558,2.42758,-20.4050201,1.25870331605103
39.8,33.4677527111244,1.93301045,2.436214,-20.50717871,1.26032117415609
39.9,33.5273147701331,1.93738156,2.444873,-20.6095861,1.26194707871587
40,33.5867436266934,1.9417489,2.453556,-20.71224221,1.26358047634274
40.1,33.6460395334925,1.94611247,2.462266,-20.81514697,1.26522286761772
40.2,33.7052026078014,1.95047226,2.471001,-20.91830031,1.26687318280548
40.3,33.7642328323989,1.95482825,2.479762,-21.02170217,1.26853190299455
40.4,33.8231304621983,1.95918044,2.488549,-21.12535247,1.27019898177424
40.5,33.8818953471256,1.9635288,2.497362,-21.22925115,1.27187439267507
40.6,33.9405278789449,1.96787334,2.506201,-21.33339814,1.27355808377383
40.7,33.9990280447833,1.97221404,2.515067,-21.43779337,1.27525053010981
40.8,34.0573958333832,1.97655088,2.523959,-21.54243676,1.27695119085424
40.9,34.1156316380141,1.98088387,2.532878,-21.64732825,1.2786605203666
41,34.1737353148226,1.98521298,2.541825,-21.75246777,1.2803789949026
41.1,34.2317069901516,1.9895382,2.550798,-21.85785524,1.28210556600522
41.2,34.2895469249275,1.99385953,2.559799,-21.9634906,1.28384119416878
41.3,34.3472551130162,1.99817695,2.568827,-22.06937378,1.28558534317994
41.4,34.4048318166022,2.00249046,2.577883,-22.1755047,1.28733846752009
41.5,34.4622768983193,2.00680003,2.586967,-22.28188329,1.28910053883146
41.6,34.5195907551404,2.01110567,2.59608,-22.38850948,1.29087200077358
41.7,34.5767732519939,2.01540735,2.60522,-22.49538319,1.29265183041036
41.8,34.6338246540052,2.01970507,2.614389,-22.60250436,1.29444097498849
41.9,34.6907449613749,2.02399881,2.623586,-22.70987292,1.29623890440924
42,34.7475344403617,2.02828857,2.632813,-22.81748877,1.2980465595189
42.1,34.8041930930084,2.03257433,2.642068,-22.92535187,1.29986291817431
42.2,34.8607211866673,2.03685609,2.651353,-23.03346212,1.30168891804231
42.3,34.9171185934325,2.04113382,2.660667,-23.14181946,1.303524038419
42.4,34.9733855822533,2.04540752,2.670011,-23.25042382,1.30536872182811
42.5,35.029522422048,2.04967719,2.679384,-23.35927511,1.30722243145029
42.6,35.0855288568662,2.05394279,2.688788,-23.46837326,1.30908612113778
42.7,35.1414054197581,2.05820434,2.698222,-23.5777182,1.31095924129671
42.8,35.1971518571885,2.0624618,2.707686,-23.68730985,1.31284176996636
42.9,35.2527685717741,2.06671518,2.717181,-23.79714813,1.31473413767639
43,35.3082555738698,2.07096446,2.726707,-23.90723298,1.31663630770371
43.1,35.3636128751789,2.07520962,2.736263,-24.0175643,1.31854776193645
43.2,35.4188408791409,2.07945067,2.745851,-24.12814204,1.32046941031787
43.3,35.4739394685613,2.08368758,2.755471,-24.2389661,1.32240122101222
43.4,35.5289087878283,2.08792034,2.765122,-24.35003641,1.32434267104271
43.5,35.5837491115225,2.09214895,2.774805,-24.46135289,1.32629419143412
43.6,35.6384604552536,2.09637339,2.784521,-24.57291547,1.32825622252341
43.7,35.6930429651603,2.10059365,2.794268,-24.68472406,1.33022776680297
43.8,35.7474966588764,2.10480971,2.804049,-24.79677859,1.33221021676112
43.9,35.8018219419759,2.10902158,2.813862,-24.90907898,1.33420256420515
44,35.8560185755834,2.11322922,2.823708,-25.02162514,1.33620526030773
44.1,35.9100869661784,2.11743264,2.833587,-25.13441701,1.33821824905844
44.2,35.9640272626297,2.12163183,2.8435,-25.24745449,1.34024195894535
44.3,36.0178393579425,2.12582676,2.853446,-25.36073751,1.342275887053
44.4,36.0715235310802,2.13001743,2.863426,-25.47426598,1.34432045469224
44.5,36.1250798051216,2.13420382,2.873441,-25.58803983,1.34637609260769
44.6,36.178508459669,2.13838593,2.88349,-25.70205898,1.34844228048208
44.7,36.2318095191213,2.14256374,2.893574,-25.81632333,1.35051944825688
44.8,36.2849832636862,2.14673725,2.903692,-25.93083281,1.3526070784862
44.9,36.3380295918983,2.15090643,2.913846,-26.04558734,1.35470607152353
45,36.3909486580808,2.15507127,2.924035,-26.16058683,1.35681591634786
45.1,36.4437408706062,2.15923178,2.934259,-26.2758312,1.35893655659329
45.2,36.4964060037527,2.16338792,2.94452,-26.39132037,1.36106889235103
45.3,36.5489444665843,2.1675397,2.954817,-26.50705425,1.36321240159984
45.4,36.6013562883483,2.1716871,2.96515,-26.62303275,1.36536704574061
45.5,36.6536414993892,2.1758301,2.975519,-26.7392558,1.3675327866822
45.6,36.7058003830265,2.1799687,2.985926,-26.8557233,1.36971049171486
45.7,36.7578330965152,2.18410289,2.99637,-26.97243517,1.37189965441601
45.8,36.8097395462879,2.18823264,3.006851,-27.08939132,1.37410024191943
45.9,36.8615200168162,2.19235795,3.01737,-27.20659168,1.37631265916225
46,36.9131746669947,2.19647881,3.027927,-27.32403614,1.37853685918327
46.1,36.9647036560772,2.20059521,3.038522,-27.44172462,1.38077279555653
46.2,37.0161070187432,2.20470713,3.049155,-27.55965705,1.38302042865893
46.3,37.0673849154479,2.20881456,3.059828,-27.67783331,1.3852806185776
46.4,37.1185375069804,2.21291749,3.070539,-27.79625334,1.38755241163556
46.5,37.1695648300348,2.2170159,3.08129,-27.91491703,1.38983667189757
46.6,37.2204671708013,2.22110979,3.09208,-28.03382431,1.39213289407004
46.7,37.2712445669373,2.22519914,3.10291,-28.15297507,1.39444148805486
46.8,37.3218971809903,2.22928394,3.113781,-28.27236924,1.39676285471289
46.9,37.3724250520491,2.23336417,3.124692,-28.39200671,1.39909650292276
47,37.4228285909122,2.23743984,3.135643,-28.5118874,1.40144237352992
47.1,37.4731075902262,2.24151091,3.146636,-28.63201121,1.40380133148672
47.2,37.5232624611711,2.24557739,3.15767,-28.75237806,1.40617286852893
47.3,37.5732931215076,2.24963925,3.168746,-28.87298785,1.40855739425777
47.4,37.6231998593456,2.25369649,3.179864,-28.99384049,1.4109548531089
47.5,37.6729827168623,2.25774909,3.191024,-29.11493588,1.41336520259654
47.6,37.7226419823228,2.26179705,3.202227,-29.23627394,1.41578883039042
47.7,37.772177576274,2.26584034,3.213472,-29.35785456,1.4182252576543
47.8,37.8215897875999,2.26987896,3.224761,-29.47967765,1.42067531213206
47.9,37.8708786605381,2.27391289,3.236093,-29.60174312,1.42313850905696
48,37.9200443621289,2.27794212,3.24747,-29.72405086,1.42561567806648
48.1,37.9690870596134,2.28196664,3.25889,-29.8466008,1.42810589027717
48.2,38.0180067988109,2.28598643,3.270355,-29.96939281,1.43060997960517
48.3,38.0668038692834,2.29000149,3.281865,-30.09242682,1.43312788848884
48.4,38.11547831754,2.2940118,3.29342,-30.21570272,1.4356595724573
48.5,38.1640303120398,2.29801735,3.30502,-30.33922042,1.43820498135055
48.6,38.2124599004364,2.30201812,3.316666,-30.4629798,1.44076450623247
48.7,38.2607672519936,2.3060141,3.328359,-30.58698079,1.44333852945652
48.8,38.3089526567742,2.31000529,3.340098,-30.71122327,1.44592655889546
48.9,38.3570160428761,2.31399166,3.351884,-30.83570715,1.44852898908028
49,38.4049575804721,2.3179732,3.363717,-30.96043232,1.45114576820819
49.1,38.4527775600335,2.32194991,3.375598,-31.08539868,1.45377726946745
49.2,38.5004759114829,2.32592176,3.387527,-31.21060613,1.45642345252404
49.3,38.5480529256877,2.32988875,3.399504,-31.33605458,1.45908425885142
49.4,38.5955087732948,2.33385087,3.41153,-31.46174391,1.46176006524359
49.5,38.6428433859797,2.33780809,3.423605,-31.58767402,1.46445083094909
49.6,38.690057054913,2.34176041,3.435729,-31.71384481,1.46715649702183
49.7,38.7371499515006,2.34570782,3.447903,-31.84025617,1.46987743767679
49.8,38.7841220091,2.34965029,3.460128,-31.966908,1.47261403738511
49.9,38.8309735191234,2.35358782,3.472403,-32.0938002,1.47536580980437
50,38.8777046536715,2.3575204,3.484729,-32.22093265,1.4781331266529
50.1,38.9243154663105,2.36144801,3.497106,-32.34830524,1.48091594021585
50.2,38.9708061297259,2.36537064,3.509536,-32.47591788,1.48371504264549
50.3,39.0171768166516,2.36928828,3.522017,-32.60377046,1.48652953282663
50.4,39.0634275817324,2.37320091,3.534551,-32.73186285,1.48936020760248
50.5,39.1095584802674,2.37710851,3.547138,-32.86019497,1.49220701750801
50.6,39.15556992167,2.38101109,3.559778,-32.98876668,1.49506989486555
50.7,39.2014618434676,2.38490862,3.572472,-33.11757789,1.49794921702283
50.8,39.2472343019502,2.38880108,3.585221,-33.24662849,1.50084535293328
50.9,39.2928877061187,2.39268848,3.598024,-33.37591835,1.50375781472396
51,39.3384218777034,2.39657078,3.610882,-33.50544738,1.50668698380776
51.1,39.3838372255532,2.40044799,3.623796,-33.63521545,1.50963320809129
51.2,39.4291338065724,2.40432009,3.636766,-33.76522245,1.51259643635885
51.3,39.4743115615056,2.40818705,3.649792,-33.89546827,1.5155766243324
51.4,39.5193708987003,2.41204888,3.662875,-34.02595279,1.51857411778488
51.5,39.5643118759113,2.41590556,3.676015,-34.1566759,1.52158886541906
51.6,39.6091345514655,2.41975707,3.689214,-34.28763747,1.52462164311395
51.7,39.6538389842534,2.42360339,3.70247,-34.41883741,1.52767157170877
51.8,39.6984255817249,2.42744453,3.715785,-34.55027557,1.53073940684445
51.9,39.7428941708216,2.43128045,3.72916,-34.68195185,1.53382551979966
52,39.7872451587367,2.43511116,3.742594,-34.81386613,1.53692942707388
52.1,39.8314784891927,2.43893663,3.756088,-34.94601829,1.54005149367083
52.2,39.8755944532515,2.44275686,3.769643,-35.0784082,1.54319206374064
52.3,39.9195929955358,2.44657182,3.783259,-35.21103575,1.54635108974647
52.4,39.9634744071028,2.45038151,3.796937,-35.34390082,1.54952891396899
52.5,40.0072387484093,2.45418591,3.810676,-35.47700327,1.5527250745238
52.6,40.050886195227,2.45798501,3.824479,-35.61034299,1.5559407337476
52.7,40.094416808563,2.46177879,3.838344,-35.74391985,1.5591750223829
52.8,40.1378307644318,2.46556724,3.852274,-35.87773374,1.5624290984658
52.9,40.1811282387407,2.46935035,3.866267,-36.01178451,1.56570208840556
53,40.2243092930544,2.4731281,3.880325,-36.14607205,1.56899474798738
53.1,40.2673739894018,2.47690047,3.894449,-36.28059623,1.57230742501333
53.2,40.3103227320906,2.48066747,3.908638,-36.41535691,1.5756396402457
53.3,40.3531553551613,2.48442906,3.922894,-36.55035398,1.57899215685394
53.4,40.3958722625144,2.48818525,3.937216,-36.6855873,1.58236449637341
53.5,40.4384732892183,2.491936,3.951606,-36.82105674,1.58575741913115
53.6,40.4809588387451,2.49568132,3.966064,-36.95676217,1.58917084814338
53.7,40.5233288603839,2.49942118,3.980591,-37.09270346,1.59260513268116
53.8,40.5655835305716,2.50315557,3.995187,-37.22888047,1.59606020811563
53.9,40.6077230255846,2.50688448,4.009853,-37.36529307,1.599536409432
54,40.6497474087402,2.51060789,4.024589,-37.50194113,1.60303367803086
54.1,40.691656856406,2.51432579,4.039396,-37.63882451,1.60655234737898
54.2,40.7334515447744,2.51803817,4.054274,-37.77594307,1.61009235217431
54.3,40.775131537488,2.52174501,4.069225,-37.91329668,1.61365442733641
54.4,40.8166970107983,2.5254463,4.084249,-38.0508852,1.61723850552673
54.5,40.8581480286772,2.52914202,4.099346,-38.18870849,1.62084452655608
54.6,40.899484655463,2.53283215,4.114517,-38.32676641,1.6244728258049
54.7,40.9407071794718,2.53651669,4.129762,-38.46505881,1.62812333003021
54.8,40.9818157765865,2.54019563,4.145084,-38.60358557,1.63179715414281
54.9,41.0228102878864,2.54386893,4.160481,-38.74234653,1.6354934607421
55,41.0636911128682,2.5475366,4.175954,-38.88134155,1.63921256322677
55.1,41.1044583159358,2.55119862,4.191506,-39.02057049,1.64295557670065
55.2,41.1451119618229,2.55485497,4.207135,-39.16003319,1.64672165324515
55.3,41.1856522265656,2.55850564,4.222842,-39.29972953,1.65051111632492
55.4,41.2260791751238,2.56215061,4.23863,-39.43965934,1.65432507498066
55.5,41.2663929834739,2.56578987,4.254497,-39.57982248,1.65816267721097
55.6,41.3065938273497,2.56942341,4.270445,-39.7202188,1.66202463298955
55.7,41.3466817718044,2.57305121,4.286475,-39.86084815,1.66591126649205
55.8,41.3866569924829,2.57667326,4.302586,-40.00171039,1.66982211784198
55.9,41.4265194444478,2.58028953,4.318781,-40.14280534,1.67375829331835
56,41.4662695236954,2.58390003,4.33506,-40.28413287,1.67771970651666
56.1,41.5059071853038,2.58750473,4.351423,-40.42569282,1.68170629778907
56.2,41.5454324949183,2.59110361,4.367871,-40.56748504,1.68571838777223
56.3,41.5848457376975,2.59469667,4.384405,-40.70950936,1.68975628276426
56.4,41.6241469790026,2.59828389,4.401026,-40.85176563,1.69382030075243
56.5,41.663336393806,2.60186526,4.417735,-40.99425369,1.69791075191957
56.6,41.7024139383417,2.60544075,4.434531,-41.13697339,1.70202719060105
56.7,41.7413798968961,2.60901036,4.451417,-41.27992455,1.70617068764725
56.8,41.7802343350067,2.61257407,4.468393,-41.42310703,1.71034117321696
56.9,41.818977427271,2.61613187,4.48546,-41.56652065,1.71453895403216
57,41.8576091305852,2.61968373,4.502619,-41.71016526,1.71876434870251
57.1,41.8961298368599,2.62322966,4.51987,-41.85404069,1.72301726719574
57.2,41.9345393944601,2.62676962,4.537214,-41.99814677,1.72729803384889
57.3,41.9728380862305,2.63030361,4.554652,-42.14248333,1.73160694555713
57.4,42.01102597782,2.63383161,4.572186,-42.28705021,1.73594469086048
57.5,42.0491032431214,2.63735361,4.589815,-42.43184724,1.74031081103303
57.6,42.0870700556996,2.6408696,4.607542,-42.57687425,1.74470636490344
57.7,42.1249263732097,2.64437955,4.625366,-42.72213106,1.74913090671874
57.8,42.1626723693235,2.64788345,4.643288,-42.8676175,1.7535847357632
57.9,42.2003082173728,2.65138129,4.661311,-43.0133334,1.75806890452938
58,42.2378339829403,2.65487305,4.679434,-43.15927858,1.76258296041688
58.1,42.2752498390502,2.65835872,4.697658,-43.30545287,1.76712719944733
58.2,42.3125558512248,2.66183828,4.715985,-43.45185609,1.77170229890901
58.3,42.3497521921635,2.66531172,4.734416,-43.59848806,1.77630855125644
58.4,42.3868389273091,2.66877902,4.752951,-43.74534859,1.7809458798878
58.5,42.4238162290189,2.67224017,4.771591,-43.89243752,1.78561457670176
58.6,42.4606841626378,2.67569515,4.790338,-44.03975464,1.79031531301314
58.7,42.497442900164,2.67914395,4.809192,-44.18729979,1.79504800404622
58.8,42.5340925068259,2.68258655,4.828155,-44.33507278,1.79981331823199
58.9,42.5706331542459,2.68602294,4.847228,-44.48307341,1.80461154214863
59,42.6070649075179,2.6894531,4.866411,-44.63130151,1.8094425963405
59.1,42.643387937872,2.69287702,4.885706,-44.77975687,1.81430713831856
59.2,42.6796023102496,2.69629468,4.905114,-44.92843932,1.81920545865558
59.3,42.7157081954721,2.69970607,4.924636,-45.07734866,1.82413784030941
59.4,42.7517056583109,2.70311117,4.944273,-45.2264847,1.82910457212161
59.5,42.7875947636299,2.70650996,4.964026,-45.37584723,1.83410594210413
59.6,42.8233757872005,2.70990244,4.983897,-45.52543608,1.83914259289718
59.7,42.8590486880345,2.71328858,5.003886,-45.67525103,1.84421444769432
59.8,42.8946136360431,2.71666837,5.023995,-45.82529189,1.84932215336979
59.9,42.9300708007246,2.7200418,5.044225,-45.97555847,1.85446598651535
60,42.9654201413098,2.72340884,5.064577,-46.12605055,1.85964623658929
60.1,43.000662036798,2.7267695,5.085052,-46.27676794,1.86486316500166
60.2,43.0357963413751,2.73012374,5.105652,-46.42771044,1.87011743284574
60.3,43.0708233285058,2.73347156,5.126379,-46.57887783,1.87540967135579
60.4,43.1057429574059,2.73681293,5.147232,-46.73026991,1.88073943365943
60.5,43.1405555007969,2.74014785,5.168214,-46.88188647,1.88610771495414
60.6,43.1752610220698,2.7434763,5.189326,-47.0337273,1.8915147909242
60.7,43.2098595846514,2.74679826,5.210569,-47.1857922,1.89696093662153
60.8,43.2443513559731,2.75011372,5.231944,-47.33808094,1.90244641956115
60.9,43.2787363991645,2.75342266,5.253454,-47.49059332,1.90797223990304
61,43.3130148811164,2.75672507,5.275098,-47.64332911,1.91353793579423
61.1,43.3471868646454,2.76002093,5.29688,-47.79628811,1.91914486677462
61.2,43.3812524125807,2.76331022,5.318799,-47.94947008,1.9247925772156
61.3,43.4152117945402,2.76659294,5.340859,-48.10287482,1.93048240772276
61.4,43.4490649693924,2.76986906,5.363059,-48.2565021,1.93621390897084
61.5,43.4828122059475,2.77313858,5.385402,-48.41035169,1.9419880560026
61.6,43.5164534629538,2.77640147,5.407889,-48.56442338,1.94780512056133
61.7,43.5499888025401,2.77965771,5.430522,-48.71871693,1.95366572670561
61.8,43.583418595269,2.78290731,5.453302,-48.87323211,1.95957011590156
61.9,43.6167426968026,2.78615023,5.47623,-49.02796871,1.96551856430226
62,43.6499612714587,2.78938646,5.49931,-49.18292648,1.97151240204988
62.1,43.6830744830729,2.79261599,5.522541,-49.33810519,1.97755116341649
62.2,43.7160824949973,2.79583881,5.545925,-49.49350461,1.98363545858354
62.3,43.7489852655968,2.79905489,5.569465,-49.64912451,1.98976626714169
62.4,43.7817829579236,2.80226422,5.593163,-49.80496464,1.99594419401323
62.5,43.814475836564,2.8054668,5.617019,-49.96102477,2.00216912208692
62.6,43.8470637575013,2.80866259,5.641035,-50.11730465,2.00844167615021
62.7,43.8795468829715,2.81185158,5.665214,-50.27380405,2.01476281333455
62.8,43.9119254764024,2.81503377,5.689556,-50.43052271,2.0211324143369
62.9,43.9441994955262,2.81820913,5.714065,-50.5874604,2.02755180201975
63,43.976369202873,2.82137766,5.738741,-50.74461686,2.03402085490391
63.1,44.0084344545694,2.82453932,5.763587,-50.90199185,2.04054054379388
63.2,44.0403956138196,2.82769412,5.788605,-51.05958512,2.04711144641062
63.3,44.0722525367107,2.83084202,5.813796,-51.21739641,2.05373382157158
63.4,44.104005585307,2.83398303,5.839162,-51.37542546,2.06040824457583
63.5,44.1356547165691,2.83711712,5.864706,-51.53367203,2.06713567045128
63.6,44.1672000894456,2.84024428,5.89043,-51.69213586,2.07391668437758
63.7,44.1986417616475,2.84336449,5.916335,-51.85081667,2.08075152545779
63.8,44.2299797907895,2.84647773,5.942423,-52.00971423,2.08764078403663
63.9,44.2612144353854,2.849584,5.968698,-52.16882825,2.09458573602322
64,44.2923456518105,2.85268327,5.99516,-52.32815848,2.10158627249214
64.1,44.3233736976205,2.85577554,6.021812,-52.48770466,2.10864331445321
64.2,44.3542985288665,2.85886078,6.048656,-52.6474665,2.11575745216946
64.3,44.3851203020596,2.86193898,6.075695,-52.80744375,2.12292960907224
64.4,44.4158391731704,2.86501013,6.102931,-52.96763612,2.13016035653598
64.5,44.4464550978931,2.8680742,6.130366,-53.12804336,2.1374502793547
64.6,44.4769683315009,2.87113119,6.158003,-53.28866517,2.14480028688623
64.7,44.5073790286437,2.87418109,6.185843,-53.44950129,2.15221059714091
64.8,44.5376870447586,2.87722386,6.21389,-53.61055143,2.15968249338791
64.9,44.5678927332312,2.88025951,6.242146,-53.77181532,2.16721652279173
65,44.5979960486723,2.88328801,6.270613,-53.93329268,2.17481326119759
65.1,44.6279970452062,2.88630934,6.299294,-54.09498321,2.18247362217939
65.2,44.6578960742388,2.88932351,6.328191,-54.25688663,2.19019814780104
65.3,44.6876929905891,2.89233048,6.357308,-54.41900265,2.19798810819156
65.4,44.7173880454977,2.89533025,6.386646,-54.58133099,2.20584370297654
65.5,44.7469811927163,2.89832279,6.416209,-54.74387135,2.21376618992807
65.6,44.7764726824536,2.9013081,6.445999,-54.90662344,2.22175611063161
65.7,44.8058625666702,2.90428616,6.476019,-55.06958696,2.22981436512441
65.8,44.8351508971579,2.90725695,6.506272,-55.23276161,2.23794185099463
65.9,44.8643378239737,2.91022046,6.536762,-55.3961471,2.24613979931953
66,44.8934234965988,2.91317668,6.56749,-55.55974313,2.25440840752577
66.1,44.9224079656991,2.91612559,6.598459,-55.72354939,2.26274856701216
66.2,44.951291281758,2.91906717,6.629674,-55.88756558,2.27116185202412
66.3,44.9800735931146,2.92200141,6.661137,-56.05179138,2.27964879729473
66.4,45.0087550475245,2.9249283,6.692851,-56.2162265,2.28821027852204
66.5,45.0373355964668,2.92784781,6.72482,-56.38087062,2.29684752637467
66.6,45.0658155826097,2.93075995,6.757046,-56.54572344,2.30556105422418
66.7,45.0941948589962,2.93366468,6.789533,-56.71078462,2.31435209561851
66.8,45.1224736694632,2.936562,6.822284,-56.87605386,2.32322150868941
66.9,45.1506521594091,2.9394519,6.855304,-57.04153085,2.33217083769937
67,45.1787302789148,2.94233435,6.888594,-57.20721525,2.34120027861552
67.1,45.2067081727667,2.94520934,6.92216,-57.37310676,2.35031170993095
67.2,45.2345860823244,2.94807687,6.956004,-57.53920504,2.35950563934922
67.3,45.2623639567384,2.95093691,6.99013,-57.70550977,2.36878327568176
67.4,45.2900419392824,2.95378945,7.024542,-57.87202062,2.37814580859851
67.5,45.3176200757394,2.95663447,7.059244,-58.03873726,2.38759443266587
67.6,45.3450986052519,2.95947197,7.09424,-58.20565936,2.39713032321776
67.7,45.3724774758816,2.96230192,7.129533,-58.37278659,2.40675433920659
67.8,45.399756925651,2.96512432,7.165128,-58.54011862,2.41646798809434
67.9,45.42693690206,2.96793914,7.201029,-58.7076551,2.42627246055996
68,45.454017738425,2.97074639,7.23724,-58.87539569,2.43616891174611
68.1,45.4809992850664,2.97354603,7.273765,-59.04334006,2.4461585348319
68.2,45.5078817777454,2.97633806,7.310608,-59.21148786,2.45624248745453
68.3,45.5346652589493,2.97912246,7.347775,-59.37983875,2.46642261224804
68.4,45.5613498669688,2.98189922,7.385269,-59.54839238,2.47669973232697
68.5,45.5879357394766,2.98466833,7.423095,-59.71714841,2.48707533945656
68.6,45.6144229176535,2.98742977,7.461257,-59.88610647,2.49755059513918
68.7,45.6408115382044,2.99018353,7.499761,-60.05526622,2.50812731886059
68.8,45.667101641519,2.99292959,7.538612,-60.22462731,2.51880699939887
68.9,45.6932934589288,2.99566795,7.577813,-60.39418938,2.52959043741814
69,45.7193869342413,2.99839858,7.617371,-60.56395207,2.54047979171602
69.1,45.7453822976257,3.00112148,7.65729,-60.73391501,2.55147619016075
69.2,45.771279492259,3.00383662,7.697576,-60.90407786,2.5625814495863
69.3,45.7970788423897,3.00654401,7.738233,-61.07444025,2.573796682923
69.4,45.8227802902896,3.00924362,7.779268,-61.2450018,2.58512403193198
69.5,45.8483839684482,3.01193544,7.820686,-61.41576215,2.59656495160467
69.6,45.8738899137361,3.01461945,7.862493,-61.58672094,2.60812123400849
69.7,45.8992984474341,3.01729566,7.904693,-61.75787779,2.61979397802866
69.8,45.9246094154334,3.01996403,7.947294,-61.92923233,2.63158564838933
69.9,45.9498231376569,3.02262457,7.990301,-62.10078418,2.64349766732691
70,45.9749395541407,3.02527725,8.033719,-62.27253297,2.65553148889081
70.1,45.9999588886331,3.02792207,8.077557,-62.44447832,2.66768985900618
70.2,46.0248810804931,3.030559,8.121819,-62.61661984,2.67997389260529
70.3,46.049706446658,3.03318805,8.166512,-62.78895717,2.692385656735
70.4,46.0744349255453,3.03580919,8.211644,-62.9614899,2.70492757813939
70.5,46.0990667382537,3.03842242,8.257219,-63.13421766,2.7176007343969
70.6,46.123601822506,3.04102771,8.303247,-63.30714006,2.73040820137742
70.7,46.1480404922447,3.04362507,8.349733,-63.48025671,2.74335136817624
70.8,46.1723826842376,3.04621447,8.396684,-63.65356722,2.75643231384165
70.9,46.1966286169196,3.04879591,8.444109,-63.8270712,2.76965374176194
71,46.2207783201469,3.05136937,8.492014,-64.00076824,2.78301738343791
71.1,46.2448319171756,3.05393484,8.540407,-64.17465796,2.79652561283855
71.2,46.2687895306126,3.05649231,8.589296,-64.34873996,2.8101807983937
71.3,46.2926512824153,3.05904177,8.638689,-64.52301384,2.82398530308398
71.4,46.3164172004176,3.0615832,8.688593,-64.69747919,2.83794116717129
71.5,46.3400874989114,3.0641166,8.739019,-64.87213561,2.85205171369784
71.6,46.3636622045893,3.06664195,8.789973,-65.0469827,2.86631864538343
71.7,46.3871414370454,3.06915924,8.841464,-65.22202005,2.88074463024603
71.8,46.4105254083718,3.07166847,8.893502,-65.39724726,2.89533264636466
71.9,46.4338140504709,3.07416961,8.946096,-65.57266391,2.9100853677361
72,46.4570075742059,3.07666266,8.999254,-65.74826959,2.92500510926993
72.1,46.4801060036387,3.0791476,9.052986,-65.92406389,2.94009484962657
72.2,46.5031096409969,3.08162444,9.107302,-66.10004639,2.95535753214626
72.3,46.5260183234374,3.08409314,9.162212,-66.27621668,2.9707961413902
72.4,46.5488324444746,3.08655372,9.217725,-66.45257435,2.98641327389565
72.5,46.5715518404196,3.08900614,9.273853,-66.62911896,3.00221254982679
72.6,46.5941768104791,3.09145041,9.330606,-66.80585011,3.01819688577828
72.7,46.6167074676869,3.09388652,9.387995,-66.98276736,3.03436953466541
72.8,46.6391437396771,3.09631444,9.44603,-67.1598703,3.05073343907539
72.9,46.6614859232148,3.09873418,9.504724,-67.3371585,3.06729246456371
73,46.6837340371382,3.10114572,9.564087,-67.51463154,3.08404952992664
73.1,46.7058882842156,3.10354906,9.624132,-67.69228898,3.10100849509368
73.2,46.7279486821165,3.10594418,9.68487,-67.87013039,3.11817258737728
73.3,46.7499153401434,3.10833107,9.746315,-68.04815535,3.13554598288013
73.4,46.7717884588549,3.11070973,9.80848,-68.22636342,3.15313251680349
73.5,46.7935679623179,3.11308013,9.871376,-68.40475417,3.17093540409447
73.6,46.8152542333799,3.11544229,9.935018,-68.58332716,3.18895908676902
73.7,46.8368471948576,3.11779618,9.999419,-68.76208196,3.20720740635457
73.8,46.8583470443632,3.1201418,10.064594,-68.94101814,3.22568480701742
73.9,46.8797537954532,3.12247913,10.130556,-69.12013524,3.24439510345102
74,46.9010677357435,3.12480818,10.197321,-69.29943284,3.26334303182732
74.1,46.9222887859872,3.12712892,10.264904,-69.47891048,3.28253303992341
74.2,46.9434172321829,3.12944136,10.33332,-69.65856774,3.30196952468219
74.3,46.9644529940462,3.13174547,10.402585,-69.83840416,3.32165723544577
74.4,46.985396447149,3.13404127,10.472716,-70.01841929,3.34160117808532
74.5,47.0062474188335,3.13632872,10.543729,-70.19861271,3.36180609282563
74.6,47.0270062829155,3.13860784,10.615641,-70.37898395,3.38227696519104
74.7,47.0476730477898,3.14087861,10.688471,-70.55953256,3.4030194500258
74.8,47.0682478123767,3.14314102,10.762236,-70.74025811,3.42403854345676
74.9,47.0887306749326,3.14539506,10.836955,-70.92116014,3.44533986773668
75,47.1091218238166,3.14764073,10.912646,-71.1022382,3.46692870504316
75.1,47.129421355748,3.14987802,10.98933,-71.28349184,3.48881129054007
75.2,47.1496293667825,3.15210692,11.067027,-71.4649206,3.51099352936924
75.3,47.1697459523123,3.15432742,11.145758,-71.64652403,3.53348163203679
75.4,47.1897713880497,3.15653953,11.225542,-71.82830167,3.55628114056915
75.5,47.2097055868019,3.15874322,11.306403,-72.01025308,3.57939921434956
75.6,47.2295488226824,3.1609385,11.388363,-72.19237779,3.60284232040579
75.7,47.2493010977329,3.16312535,11.471445,-72.37467534,3.62661726320773
75.8,47.2689625940456,3.16530377,11.555673,-72.55714529,3.65073112714234
75.9,47.288533492782,3.16747376,11.64107,-72.73978717,3.67519066677288
76,47.3080138840856,3.16963531,11.727663,-72.92260051,3.70000389729379
76.1,47.3274037674159,3.1717884,11.815476,-73.10558487,3.72517788387145
76.2,47.3467035016627,3.17393305,11.904537,-73.28873978,3.75072089186002
76.3,47.3659129948074,3.17606923,11.994873,-73.47206478,3.7766409140899
76.4,47.3850324241736,3.17819694,12.086511,-73.6555594,3.80294589296282
76.5,47.4040620559244,3.18031619,12.179481,-73.83922319,3.82964468699573
76.6,47.4230017962563,3.18242695,12.273813,-74.02305569,3.85674618548589
76.7,47.4418519993862,3.18452924,12.369537,-74.20705642,3.88425920058439
76.8,47.4606125702564,3.18662303,12.466686,-74.39122493,3.91219352983839
76.9,47.4792838611883,3.18870834,12.565291,-74.57556074,3.94055826378903
77,47.4978657758713,3.19078514,12.665386,-74.76006341,3.96936347773012
77.1,47.5163585753593,3.19285344,12.767006,-74.94473246,3.99861949191129
77.2,47.5347624302279,3.19491324,12.870187,-75.12956742,4.0283369322417
77.3,47.553077331638,3.19696452,12.974965,-75.31456784,4.05852642993986
77.4,47.5713035379186,3.19900729,13.08138,-75.49973324,4.08919980923207
77.5,47.5894411279867,3.20104154,13.189468,-75.68506316,4.1203676475876
77.6,47.6074901801042,3.20306726,13.299273,-75.87055714,4.15204300143232
77.7,47.6254509498928,3.20508446,13.410834,-76.0562147,4.18423731647933
77.8,47.6433234249916,3.20709312,13.524196,-76.24203539,4.21696392775773
77.9,47.6611078592879,3.20909325,13.639404,-76.42801873,4.25023610641417
78,47.6788043278802,3.21108484,13.756502,-76.61416426,4.28406681400545
78.1,47.6964129939814,3.21306789,13.875539,-76.80047151,4.31847053191273
78.2,47.7139339312073,3.21504239,13.996565,-76.98694003,4.35346203942275
78.3,47.7313673011697,3.21700834,14.11963,-77.17356933,4.38905607562087
78.4,47.748713353181,3.21896575,14.244787,-77.36035895,4.4252682713384
78.5,47.765972069846,3.2209146,14.37209,-77.54730844,4.46211458074672
78.6,47.783143610298,3.22285489,14.501596,-77.73441732,4.49961183328363
78.7,47.8002281327881,3.22478662,14.633364,-77.92168513,4.53777744835719
78.8,47.8172257946884,3.22670979,14.767455,-78.1091114,4.5766294340341
78.9,47.8341367524941,3.2286244,14.90393,-78.29669567,4.61618576629725
79,47.8509611618258,3.23053045,15.042855,-78.48443748,4.65646593735094
79.1,47.8676990010666,3.23242792,15.184297,-78.67233635,4.69748974325157
79.2,47.8843506006881,3.23431683,15.328327,-78.86039184,4.73927812446253
79.3,47.9009160256308,3.23619717,15.475017,-79.04860347,4.7818523368896
79.4,47.9173953401949,3.23806893,15.624442,-79.23697077,4.82523452643116
79.5,47.9337888719136,3.23993213,15.77668,-79.4254933,4.86944768191795
79.6,47.9500965075002,3.24178674,15.931812,-79.61417059,4.91451575250752
79.7,47.9663186605566,3.24363279,16.089924,-79.80300218,4.96046409741714
79.8,47.9824553042036,3.24547026,16.251102,-79.9919876,5.00731810742274
79.9,47.9985065866215,3.24729915,16.415437,-80.1811264,5.05510463980505
80,48.0144726551366,3.24911946,16.583025,-80.37041813,5.10385204488603
